"_primaryKey","_firstSeenAt","_lastSeenAt","listingId","vin","stockType","year","make","model","trim","price","msrp","mileage","bodyStyle","exteriorColor","interiorColor","drivetrain","transmission","engine","fuelType","mpg","stockNumber","sellerType","sellerName","sellerCity","sellerState","images","imagesCount","options","optionsCount","description","listingUrl"
"36baabfa-b92e-4a60-900c-d29f509a0d27","2026-02-02 21:55:40.482","2026-02-18 17:24:01.602","36baabfa-b92e-4a60-900c-d29f509a0d27","[PREMIUM]","Used",2025,"Land Rover","Discovery","P300 S","[PREMIUM]","[PREMIUM]",10550,"SUV","Fuji White","Ebony","All-wheel Drive",,,"Gasoline",,,"dealership","[PREMIUM]","Davie","FL","[PREMIUM]",,"[]",,,"[PREMIUM]"
"83891686-ee05-44c9-bfc7-ff883cf8ed1b","2026-02-02 21:55:40.474","2026-02-02 21:55:40.474","83891686-ee05-44c9-bfc7-ff883cf8ed1b","[PREMIUM]","Used",2025,"Lexus","IS 350","Base","[PREMIUM]","[PREMIUM]",47,"Sedan","ultra white","white with black","All-wheel Drive",,,"Gasoline",,,"dealership","[PREMIUM]","Watertown","MA","[PREMIUM]",,"[]",,,"[PREMIUM]"
"59f862df-343c-4227-847e-538ff24d627f","2026-02-02 21:55:40.448","2026-02-18 17:24:10.785","59f862df-343c-4227-847e-538ff24d627f","[PREMIUM]","Used",2025,"Mercedes-Benz","GLC 300","4MATIC Coupe","[PREMIUM]","[PREMIUM]",7514,"SUV","Obsidian Black Metallic","AMG Black","All-wheel Drive",,,"Gasoline",,,"dealership","[PREMIUM]","Chicopee","MA","[PREMIUM]",,"[]",,,"[PREMIUM]"
"4e53822b-27ff-45b2-a500-83f9cc954496","2026-02-02 21:55:40.445","2026-02-02 21:55:40.445","4e53822b-27ff-45b2-a500-83f9cc954496","[PREMIUM]","Used",2025,"Genesis","GV80","2.5T Advanced","[PREMIUM]","[PREMIUM]",10620,"SUV","Vik Black","Obsidian Black","All-wheel Drive",,,"Gasoline",,,"dealership","[PREMIUM]","LEESBURG","FL","[PREMIUM]",,"[]",,,"[PREMIUM]"
"6a0c57d7-b6e0-4ed6-8316-78e1b13b6521","2026-02-02 21:53:31.147","2026-02-02 21:53:31.147","6a0c57d7-b6e0-4ed6-8316-78e1b13b6521","[PREMIUM]","New",2026,"Lexus","RX 350","Premium","[PREMIUM]","[PREMIUM]",10,"SUV",,"Black w/Black Open Pore","Front-wheel Drive",,,"Gasoline",,,"dealership","[PREMIUM]","West Palm Beach","FL","[PREMIUM]",,"[]",,,"[PREMIUM]"
"dabf0204-b5f3-40f8-91aa-9c503eb11bce","2026-02-02 14:18:17.998","2026-02-02 14:18:17.998","dabf0204-b5f3-40f8-91aa-9c503eb11bce","[PREMIUM]","Used",2019,"Volkswagen","Atlas","3.6L SE w/Technology","[PREMIUM]","[PREMIUM]",94309,"SUV","Pure White","Titan Black","All-wheel Drive",,,"Gasoline",,,"dealership","[PREMIUM]","FARIBAULT","MN","[PREMIUM]",,"[]",,,"[PREMIUM]"
"aa46ac2a-e268-46ef-9c73-2fe8dc90f7a4","2026-02-02 14:18:17.952","2026-02-02 14:18:17.952","aa46ac2a-e268-46ef-9c73-2fe8dc90f7a4","[PREMIUM]","Used",2019,"Audi","Q7","45 Premium Plus","[PREMIUM]","[PREMIUM]",94329,"SUV","Carrara White","Pistachio Beige","All-wheel Drive",,,"Gasoline",,,"dealership","[PREMIUM]","Texas City","TX","[PREMIUM]",,"[]",,,"[PREMIUM]"
"a8443046-e5e5-4472-8e1c-1a1e1008aa17","2026-02-02 10:46:36.293","2026-02-17 16:27:26.985","a8443046-e5e5-4472-8e1c-1a1e1008aa17","[PREMIUM]","New",2025,"Honda","Pilot","EX-L","[PREMIUM]","[PREMIUM]",22,"SUV","Platinum White Pearl","Gray","All-wheel Drive",,,"Gasoline",,,"dealership","[PREMIUM]","Lancaster","MA","[PREMIUM]",,"[]",,,"[PREMIUM]"
"e58dab05-cdc3-47e7-b1e1-eca9d555cc4a","2026-02-02 10:46:25.472","2026-02-02 10:46:25.472","e58dab05-cdc3-47e7-b1e1-eca9d555cc4a","[PREMIUM]","New",2025,"Ford","Bronco","Outer Banks","[PREMIUM]","[PREMIUM]",6,"SUV","OXFORD WHITE","LTH-TRM/VINYL SMOKED TRUFFLE","Four-wheel Drive",,,"Gasoline",,,"dealership","[PREMIUM]","Lake Park","FL","[PREMIUM]",,"[]",,,"[PREMIUM]"
"ad064965-f897-4044-bd54-8c6b84d18b5b","2026-02-02 10:46:25.455","2026-02-17 16:27:05.633","ad064965-f897-4044-bd54-8c6b84d18b5b","[PREMIUM]","New",2025,"Honda","Pilot","EX-L","[PREMIUM]","[PREMIUM]",5,"SUV","Platinum White Pearl","Gray","Front-wheel Drive",,,"Gasoline",,,"dealership","[PREMIUM]","Lewisville","TX","[PREMIUM]",,"[]",,,"[PREMIUM]"
"de1644a6-b72f-405f-94ed-539dcd49da04","2026-02-02 10:31:27.438","2026-02-17 16:22:26.794","de1644a6-b72f-405f-94ed-539dcd49da04","[PREMIUM]","New",2026,"Toyota","RAV4","Limited","[PREMIUM]","[PREMIUM]",5,"SUV","Blueprint","Light Gray SofTex [softex]","All-wheel Drive",,,"Gasoline",,,"dealership","[PREMIUM]","Houston","TX","[PREMIUM]",,"[]",,,"[PREMIUM]"
"49cc8223-665c-4d6c-9617-14eb713abdd1","2026-02-02 10:31:27.426","2026-02-02 10:31:27.426","49cc8223-665c-4d6c-9617-14eb713abdd1","[PREMIUM]","New",2026,"Toyota","Tacoma","SR5","[PREMIUM]","[PREMIUM]",0,"Truck","Red","Black Fabric w/Smoke Silver","Four-wheel Drive",,,"Gasoline",,,"dealership","[PREMIUM]","Houston","TX","[PREMIUM]",,"[]",,,"[PREMIUM]"
"7628cca6-33b8-4766-8463-feba77825a85","2026-02-02 08:05:40.309","2026-02-17 15:12:00.194","7628cca6-33b8-4766-8463-feba77825a85","[PREMIUM]","Used",2019,"Toyota","Highlander","SE","[PREMIUM]","[PREMIUM]",90078,"SUV","Blizzard Pearl","Black","All-wheel Drive",,,"Gasoline",,,"dealership","[PREMIUM]","Centennial","CO","[PREMIUM]",,"[]",,,"[PREMIUM]"
"d6c3d59d-312d-45a3-a6cd-4fb9aae6b02a","2026-02-02 06:18:35.057","2026-02-17 14:19:34.651","d6c3d59d-312d-45a3-a6cd-4fb9aae6b02a","[PREMIUM]","Used",2016,"BMW","X5","sDrive35i","[PREMIUM]","[PREMIUM]",75419,"SUV","Jet Black","Canberra Beige","Rear-wheel Drive",,,"Gasoline",,,"dealership","[PREMIUM]","Margate","FL","[PREMIUM]",,"[]",,,"[PREMIUM]"
"8e93f7c0-b238-4094-b1f0-7eff38ab8e1f","2026-02-02 05:55:49.308","2026-02-02 05:55:49.308","8e93f7c0-b238-4094-b1f0-7eff38ab8e1f","[PREMIUM]","Used",2019,"Honda","Accord","Sport","[PREMIUM]","[PREMIUM]",89000,"Sedan","Still Night Pearl","Black","Front-wheel Drive",,,"Gasoline",,,"dealership","[PREMIUM]","Cullman","AL","[PREMIUM]",,"[]",,,"[PREMIUM]"
"d38f11d9-3540-4e6e-b1a8-39e3908ab950","2026-02-02 04:33:03.013","2026-02-02 04:33:03.013","d38f11d9-3540-4e6e-b1a8-39e3908ab950","[PREMIUM]","Used",2016,"Hyundai","TUCSON","SE","[PREMIUM]","[PREMIUM]",102452,"SUV","Molten Silver","Gray","All-wheel Drive",,,"Gasoline",,,"dealership","[PREMIUM]","Morristown","NJ","[PREMIUM]",,"[]",,,"[PREMIUM]"
"6eb25d69-efc7-4caf-ac34-f40b44c134e5","2026-02-02 04:33:03.006","2026-02-02 04:33:03.006","6eb25d69-efc7-4caf-ac34-f40b44c134e5","[PREMIUM]","Used",2016,"Chevrolet","Traverse","2LT","[PREMIUM]","[PREMIUM]",125127,"SUV","White","Gray","Front-wheel Drive",,,"Gasoline",,,"dealership","[PREMIUM]","Hickory","NC","[PREMIUM]",,"[]",,,"[PREMIUM]"
"23b1f824-1ab5-40b5-b907-34cdbb4cfa3c","2026-02-02 04:33:03.002","2026-02-17 13:36:16.497","23b1f824-1ab5-40b5-b907-34cdbb4cfa3c","[PREMIUM]","Used",2016,"Chevrolet","Trax","LS","[PREMIUM]","[PREMIUM]",101649,"SUV","BLACK","BLACK","All-wheel Drive",,,"Gasoline",,,"dealership","[PREMIUM]","Clinton Township","MI","[PREMIUM]",,"[]",,,"[PREMIUM]"
"21777abe-2625-4097-bb42-db7cdf5b339e","2026-02-02 04:33:02.996","2026-02-02 04:33:02.996","21777abe-2625-4097-bb42-db7cdf5b339e","[PREMIUM]","Used",2016,"Chevrolet","Trax","LS","[PREMIUM]","[PREMIUM]",101051,"SUV","Brilliant Blue Metallic","BLACK","Front-wheel Drive",,,"Gasoline",,,"dealership","[PREMIUM]","Sedalia","MO","[PREMIUM]",,"[]",,,"[PREMIUM]"
"6dc7c898-8104-42ae-8a63-80741acad69e","2026-02-02 04:32:52.366","2026-02-17 13:36:05.762","6dc7c898-8104-42ae-8a63-80741acad69e","[PREMIUM]","Used",2016,"Kia","Soul","+","[PREMIUM]","[PREMIUM]",96963,"Hatchback","Fathom Blue","Black","Front-wheel Drive",,,"Gasoline",,,"dealership","[PREMIUM]","Lakewood","WA","[PREMIUM]",,"[]",,,"[PREMIUM]"
"95dbcd38-2113-41ad-8368-19f4d36c4823","2026-02-02 02:42:20.133","2026-02-17 12:05:22.156","95dbcd38-2113-41ad-8368-19f4d36c4823","[PREMIUM]","New",2025,"Ford","F-150","Raptor","[PREMIUM]","[PREMIUM]",10,"Truck","Space White Metallic","Black","Four-wheel Drive",,,"Gasoline",,,"dealership","[PREMIUM]","Plainview","TX","[PREMIUM]",,"[]",,,"[PREMIUM]"
